id,setup_id,direction,entry_idx,entry_time,entry,sl,tp,risk,result,exit_idx,exit_time,exit,R,reason,ob_quality,bars_since_ob,retest_score,entry_mode,entry_depth_percent,sl_source,sl_reference_idx,sl_reference_price,sl_distance_ob,sl_distance_ob_fraction,target_reference_idx,target_reference_price,target_reference_type,target_reference_before_touch,target_distance,target_reachable,retracement_structure_type,scenario_R_conservative,scenario_R_optimistic
1,9,bullish,1687,2026-05-11T02:35:00+00:00,4698.878,4678.303,4740.027999999999,20.574999999999818,LOSS,1691,2026-05-11T02:55:00+00:00,4678.303,-1.0,SL,63.57,18,79.02,crossed_ob_reentry_70pct,91.15600231973706,retracement_swing,1681,4678.303,11.144000000000233,1.0771312584574444,1669,4699.793,previous_swing_high,True,0.9149999999999636,False,confirmed_swing_low,-1.0,-1.0
2,11,bullish,2163,2026-05-12T19:15:00+00:00,4702.003,4676.193,4753.622999999999,25.80999999999949,LOSS,2358,2026-05-13T12:30:00+00:00,4676.193,-1.0,SL,65.91,93,75.45,crossed_ob_reentry_70pct,97.37018052149786,retracement_swing,2149,4676.193,21.440999999999804,4.778471138845425,2066,4698.103,previous_swing_high,True,3.899999999999636,False,confirmed_swing_low,-1.0,-1.0
3,13,bullish,2473,2026-05-13T23:05:00+00:00,4700.823,4688.791,4724.887000000001,12.032000000000153,LOSS,2497,2026-05-14T01:05:00+00:00,4688.791,-1.0,SL,77.92,145,67.78,crossed_ob_reentry_70pct,75.67657868359606,retracement_swing,2462,4688.791,9.766999999999825,3.2632809889737864,2315,4702.65,previous_swing_high,True,1.826999999999316,False,confirmed_swing_low,-1.0,-1.0
4,15,bearish,2657,2026-05-14T14:25:00+00:00,4691.28,4700.953,4671.933999999998,9.673000000000684,WIN,2683,2026-05-14T16:35:00+00:00,4671.933999999998,2.0,TP,67.59,13,65.53,crossed_ob_reentry_70pct,75.15758249907142,retracement_extreme_fallback,2656,4700.953,5.619000000000597,1.0417130144605773,2640,4696.105,previous_swing_low,True,4.824999999999818,False,retracement_extreme_fallback,2.0,2.0
5,18,bearish,2972,2026-05-15T17:40:00+00:00,4560.909,4564.435,4553.856999999998,3.5260000000007494,WIN,2979,2026-05-15T18:15:00+00:00,4553.856999999998,2.0,TP,66.47,115,85.12,crossed_ob_reentry_70pct,84.22908560311836,retracement_swing,2969,4564.435,0.0,0.0,2856,4557.027,previous_swing_low,True,3.881999999999607,False,confirmed_swing_high,2.0,2.0
6,19,bullish,3260,2026-05-18T18:40:00+00:00,4541.405,4536.553,4551.1089999999995,4.851999999999862,LOSS,3263,2026-05-18T18:55:00+00:00,4536.553,-1.0,SL,93.84,251,78.07,crossed_ob_reentry_70pct,97.38473982203713,retracement_swing,3257,4536.553,1.2399999999997817,0.33432191965476776,3013,4554.71,previous_swing_high,True,13.305000000000291,True,confirmed_swing_low,-1.0,-1.0
7,20,bearish,3275,2026-05-18T19:55:00+00:00,4558.429,4564.981,4545.325000000001,6.55199999999968,LOSS,3279,2026-05-18T20:15:00+00:00,4564.981,-1.0,SL,72.95,66,76.71,crossed_ob_reentry_70pct,85.06588579795365,retracement_swing,3264,4564.981,1.9039999999995416,0.34846266471441467,3233,4533.964,previous_swing_low,True,24.465000000000146,True,confirmed_swing_high,-1.0,-1.0
8,22,bullish,3447,2026-05-19T11:15:00+00:00,4540.865,4535.812,4550.971,5.052999999999884,LOSS,3454,2026-05-19T11:50:00+00:00,4535.812,-1.0,SL,74.2,7,67.03,normal_reversal_inside_ob,97.54923690709505,retracement_extreme_fallback,3446,4535.812,0.0,0.0,3439,4542.925,previous_swing_high,True,2.0600000000004,False,retracement_extreme_fallback,-1.0,-1.0
9,23,bearish,3467,2026-05-19T12:55:00+00:00,4537.18,4547.097,4517.346000000001,9.916999999999462,WIN,3469,2026-05-19T13:05:00+00:00,4517.346000000001,2.0,TP,76.46,15,83.64,crossed_ob_reentry_70pct,98.34534731322799,retracement_swing,3463,4547.097,3.91399999999976,0.6412188728701814,3451,4536.703,previous_swing_low,True,0.47699999999986176,False,confirmed_swing_high,2.0,2.0
10,26,bullish,3960,2026-05-21T08:00:00+00:00,4523.26,4511.588,4546.604000000001,11.67200000000048,LOSS,3989,2026-05-21T10:25:00+00:00,4511.588,-1.0,SL,78.89,196,73.57,crossed_ob_reentry_70pct,88.1651642919536,retracement_swing,3953,4511.588,5.608000000000175,0.8153533003780776,3762,4528.863,previous_swing_high,True,5.6030000000000655,False,confirmed_swing_low,-1.0,-1.0
11,29,bullish,4185,2026-05-22T03:45:00+00:00,4529.075,4519.114,4548.997,9.96100000000024,LOSS,4211,2026-05-22T05:55:00+00:00,4519.114,-1.0,SL,66.8,250,75.05,crossed_ob_reentry_70pct,80.94569288388769,retracement_swing,4181,4519.114,6.503000000000611,1.5222378277155222,3924,4540.454,previous_swing_high,True,11.378999999999905,False,confirmed_swing_low,-1.0,-1.0
12,17,bearish,4546,2026-05-25T10:50:00+00:00,4569.738,4573.028,4563.158,3.2899999999999636,LOSS,4551,2026-05-25T11:15:00+00:00,4573.028,-1.0,SL,72.47,1691,71.93,crossed_ob_reentry_70pct,75.46027742748691,retracement_swing,4542,4573.028,0.29800000000068394,0.07515762925617689,2878,4531.799,previous_swing_low,True,37.939000000000306,True,confirmed_swing_high,-1.0,-1.0
13,21,bearish,4626,2026-05-25T17:30:00+00:00,4569.824,4578.131,4553.209999999998,8.307000000000698,LOSS,4652,2026-05-25T23:10:00+00:00,4578.131,-1.0,SL,80.09,1305,86.74,crossed_ob_reentry_70pct,98.96797153026523,retracement_swing,4622,4578.131,5.526000000000749,1.9665480427052495,3328,4553.887,previous_swing_low,True,15.936999999999898,False,confirmed_swing_high,-1.0,-1.0
14,28,bearish,4691,2026-05-26T02:25:00+00:00,4536.594,4539.557,4530.668000000001,2.962999999999738,WIN,4696,2026-05-26T02:50:00+00:00,4530.668000000001,2.0,TP,83.96,768,70.57,crossed_ob_reentry_70pct,82.84532145131159,retracement_swing,4688,4539.557,0.3599999999996726,0.11457670273701229,3933,4518.323,previous_swing_low,True,18.27099999999973,True,confirmed_swing_high,2.0,2.0
15,39,bullish,5122,2026-05-27T15:20:00+00:00,4433.412,4424.768,4450.700000000001,8.644000000000233,WIN,5137,2026-05-27T16:35:00+00:00,4450.700000000001,2.0,TP,73.98,38,78.19,crossed_ob_reentry_70pct,96.36176772868062,previous_ob_swing_low,5081,4424.768,3.956000000000131,0.8131551901336708,5086,4466.706,previous_swing_high,True,33.29399999999987,True,confirmed_swing_low,2.0,2.0
16,37,bearish,5610,2026-05-29T10:00:00+00:00,4526.097,4532.313,4513.664999999999,6.216000000000349,LOSS,5616,2026-05-29T10:30:00+00:00,4532.313,-1.0,SL,73.31,784,73.89,crossed_ob_reentry_70pct,72.65483014119862,retracement_swing,5603,4532.313,1.0190000000002328,0.14245771005175417,4832,4507.714,previous_swing_low,True,18.38299999999981,True,confirmed_swing_high,-1.0,-1.0
17,34,bearish,6130,2026-06-02T07:20:00+00:00,4536.659,4538.522,4532.932999999999,1.8630000000002838,WIN,6132,2026-06-02T07:30:00+00:00,4532.932999999999,2.0,TP,70.61,1417,77.52,crossed_ob_reentry_70pct,89.37106918239914,retracement_swing,6121,4538.522,0.0,0.0,4753,4521.521,previous_swing_low,True,15.13799999999992,True,confirmed_swing_high,2.0,2.0
18,42,bearish,6893,2026-06-05T01:55:00+00:00,4446.688,4469.972,4400.120000000001,23.28399999999965,LOSS,7012,2026-06-05T11:50:00+00:00,4469.972,-1.0,SL,100.0,412,65.0,crossed_ob_reentry_70pct,92.23770809136997,retracement_swing,6883,4469.972,18.518999999999323,3.5847851335653744,6479,4445.527,previous_swing_low,True,1.1610000000000582,False,confirmed_swing_high,-1.0,-1.0
19,44,bullish,7383,2026-06-08T19:45:00+00:00,4326.982,4314.31,4352.325999999999,12.67199999999957,LOSS,7419,2026-06-08T23:45:00+00:00,4314.31,-1.0,SL,65.46,60,79.74,normal_reversal_inside_ob,83.3631942667017,previous_ob_swing_low,7321,4314.31,2.90099999999984,0.24750447914000098,7318,4324.396,previous_swing_high,True,2.58600000000024,False,confirmed_swing_low,-1.0,-1.0
20,49,bearish,8099,2026-06-11T10:25:00+00:00,4087.787,4096.311,4070.739,8.523999999999887,WIN,8122,2026-06-11T12:20:00+00:00,4070.739,2.0,TP,83.93,98,88.11,crossed_ob_reentry_70pct,97.87569798495107,retracement_swing,8091,4096.311,0.46099999999978536,0.0559601845107787,8034,4075.284,previous_swing_low,True,12.502999999999702,False,confirmed_swing_high,2.0,2.0
21,52,bearish,8828,2026-06-16T02:10:00+00:00,4309.576,4319.394,4289.94,9.818000000000211,LOSS,8837,2026-06-16T02:55:00+00:00,4319.394,-1.0,SL,71.01,230,72.71,crossed_ob_reentry_70pct,96.72940450478964,retracement_swing,8823,4319.394,6.682999999999993,2.0620178957112074,8587,4323.698,previous_swing_low,True,14.122000000000298,False,confirmed_swing_high,-1.0,-1.0
22,48,bullish,8846,2026-06-16T03:40:00+00:00,4331.793,4315.526,4364.326999999999,16.266999999999825,LOSS,8873,2026-06-16T05:55:00+00:00,4315.526,-1.0,SL,70.79,1260,78.0,crossed_ob_reentry_70pct,94.85961123110171,retracement_swing,8841,4315.526,9.679000000000087,1.393664506839524,7578,4345.533,previous_swing_high,True,13.740000000000691,False,confirmed_swing_low,-1.0,-1.0
23,43,bearish,9021,2026-06-16T18:15:00+00:00,4339.977,4342.913,4334.1050000000005,2.9359999999996944,LOSS,9031,2026-06-16T19:05:00+00:00,4342.913,-1.0,SL,90.17,1937,73.19,crossed_ob_reentry_70pct,73.36504161712293,retracement_swing,9018,4342.913,0.0,0.0,7133,4315.457,previous_swing_low,True,24.519999999999527,True,confirmed_swing_high,-1.0,-1.0
24,45,bearish,9072,2026-06-16T23:30:00+00:00,4335.005,4338.267,4328.481000000001,3.2619999999997162,WIN,9078,2026-06-17T00:00:00+00:00,4328.481000000001,2.0,TP,72.28,1601,72.93,crossed_ob_reentry_70pct,98.98956975228334,retracement_swing,9068,4338.267,0.2249999999994543,0.07333767926969975,7476,4324.043,previous_swing_low,True,10.962000000000444,True,confirmed_swing_high,2.0,2.0
25,54,bearish,9195,2026-06-17T09:45:00+00:00,4327.153,4335.792,4309.875,8.639000000000124,LOSS,9238,2026-06-17T13:20:00+00:00,4335.792,-1.0,SL,68.24,43,80.16,crossed_ob_reentry_70pct,84.65804066541936,retracement_swing,9192,4335.792,5.891000000000531,1.8148490449785457,9149,4324.287,previous_swing_low,True,2.8659999999999854,False,confirmed_swing_high,-1.0,-1.0
26,50,bullish,9658,2026-06-19T02:20:00+00:00,4178.271,4170.058,4194.696999999999,8.212999999999738,LOSS,9666,2026-06-19T03:00:00+00:00,4170.058,-1.0,SL,100.0,1315,66.3,normal_reversal_inside_ob,43.071823204420554,previous_ob_swing_low,8340,4170.058,4.3149999999996,0.47679558011044343,8410,4206.804,previous_swing_high,True,28.533000000000357,True,confirmed_swing_low,-1.0,-1.0
27,66,bearish,11450,2026-06-29T17:40:00+00:00,4022.116,4032.048,4002.2520000000004,9.931999999999789,WIN,11520,2026-06-30T00:30:00+00:00,4002.2520000000004,2.0,TP,69.61,17,85.04,crossed_ob_reentry_70pct,95.69811320755156,retracement_swing,11444,4032.048,6.127999999999702,1.5416352201257464,11433,4021.945,previous_swing_low,True,0.17099999999982174,False,confirmed_swing_high,2.0,2.0
28,68,bearish,11746,2026-06-30T19:20:00+00:00,4022.039,4032.535,4001.047000000001,10.49599999999964,WIN,11796,2026-07-01T00:30:00+00:00,4001.047000000001,2.0,TP,85.82,131,85.76,crossed_ob_reentry_70pct,76.64627563871481,retracement_swing,11740,4032.535,6.235999999999876,1.121986326016532,11620,4013.489,previous_swing_low,True,8.550000000000182,False,confirmed_swing_high,2.0,2.0
29,56,bearish,12782,2026-07-06T17:40:00+00:00,4156.676,4159.633,4150.7620000000015,2.956999999999425,LOSS,12783,2026-07-06T17:45:00+00:00,4159.633,-1.0,SL,67.3,2986,75.3,crossed_ob_reentry_70pct,74.70886075948047,retracement_swing,12779,4159.633,0.0059999999994033715,0.001518987341620827,9826,4144.067,previous_swing_low,True,12.609000000000378,True,confirmed_swing_high,-1.0,-1.0
30,71,bearish,13024,2026-07-07T14:50:00+00:00,4154.081,4159.338,4143.567000000001,5.256999999999607,WIN,13029,2026-07-07T15:15:00+00:00,4143.567000000001,2.0,TP,89.94,310,73.39,crossed_ob_reentry_70pct,95.78494623656069,retracement_swing,13020,4159.338,0.8029999999998836,0.17268817204299922,12764,4140.247,previous_swing_low,True,13.833999999999833,True,confirmed_swing_high,2.0,2.0
31,58,bearish,13062,2026-07-07T18:00:00+00:00,4142.253,4148.277,4130.204999999999,6.024000000000342,WIN,13072,2026-07-07T18:50:00+00:00,4130.204999999999,2.0,TP,81.1,3208,69.36,crossed_ob_reentry_70pct,89.05427066636032,retracement_swing,13056,4148.277,2.1350000000002183,0.4888939775589938,9849,4153.656,previous_swing_low,True,11.403000000000247,False,confirmed_swing_high,2.0,2.0
32,63,bullish,14188,2026-07-13T19:50:00+00:00,4000.373,3993.504,4014.1110000000003,6.869000000000142,LOSS,14223,2026-07-13T23:45:00+00:00,3993.504,-1.0,SL,100.0,3509,67.84,crossed_ob_reentry_70pct,92.85340314135794,retracement_swing,14185,3993.504,3.3220000000001164,0.8696335078533963,10681,4018.618,previous_swing_high,True,18.24499999999989,True,confirmed_swing_low,-1.0,-1.0
33,76,bullish,14860,2026-07-16T06:50:00+00:00,4030.068,4022.802,4044.6000000000004,7.266000000000076,LOSS,14915,2026-07-16T11:25:00+00:00,4022.802,-1.0,SL,79.85,42,77.76,crossed_ob_reentry_70pct,77.84037558686406,retracement_swing,14857,4022.802,4.778999999999996,1.495774647887459,14835,4035.382,previous_swing_high,True,5.313999999999851,False,confirmed_swing_low,-1.0,-1.0
34,77,bearish,15102,2026-07-17T04:00:00+00:00,3989.647,4008.899,3951.143,19.251999999999953,LOSS,15234,2026-07-17T15:00:00+00:00,4008.899,-1.0,SL,79.58,30,74.25,crossed_ob_reentry_70pct,77.32571428572037,retracement_swing,15094,4008.899,15.868999999999687,3.6271999999999287,15085,3970.41,previous_swing_low,True,19.23700000000008,False,confirmed_swing_high,-1.0,-1.0
35,67,bearish,15392,2026-07-20T05:10:00+00:00,4013.706,4025.411,3990.2960000000003,11.704999999999927,LOSS,15426,2026-07-20T08:00:00+00:00,4025.411,-1.0,SL,96.88,3881,64.41,crossed_ob_reentry_70pct,95.03794512550857,retracement_swing,15384,4025.411,8.44900000000007,2.4661412726212024,11510,4013.308,previous_swing_low,True,0.39800000000013824,False,confirmed_swing_high,-1.0,-1.0
36,80,bullish,15546,2026-07-20T18:00:00+00:00,4007.522,4002.065,4018.4359999999997,5.45699999999988,LOSS,15591,2026-07-20T22:45:00+00:00,4002.065,-1.0,SL,94.51,127,71.19,crossed_ob_reentry_70pct,83.44461901021394,previous_ob_swing_low,15417,4002.065,1.2080000000000837,0.2372348782404101,15468,4040.696,previous_swing_high,True,33.17399999999998,True,confirmed_swing_low,-1.0,-1.0
37,75,bearish,15711,2026-07-21T08:45:00+00:00,4060.037,4072.674,4034.7629999999995,12.637000000000171,LOSS,15780,2026-07-21T14:30:00+00:00,4072.674,-1.0,SL,78.66,979,66.53,crossed_ob_reentry_70pct,72.75006965729656,retracement_swing,15702,4072.674,10.02599999999984,2.793535803845083,14737,4048.046,previous_swing_low,True,11.990999999999985,False,confirmed_swing_high,-1.0,-1.0
38,83,bullish,15782,2026-07-21T14:40:00+00:00,4067.336,4062.189,4077.6299999999997,5.1469999999999345,WIN,15789,2026-07-21T15:15:00+00:00,4077.6299999999997,2.0,TP,79.98,5,66.1,normal_reversal_inside_ob,94.93361819013707,retracement_extreme_fallback,15781,4062.189,0.0,0.0,15768,4057.461,previous_swing_high,True,9.875,False,retracement_extreme_fallback,2.0,2.0
39,74,bearish,15831,2026-07-21T18:45:00+00:00,4080.815,4087.492,4067.461,6.677000000000135,LOSS,15883,2026-07-22T00:05:00+00:00,4087.492,-1.0,SL,69.88,1900,77.55,crossed_ob_reentry_70pct,92.83055827620011,retracement_swing,15827,4087.492,1.9380000000001019,0.3796278158668159,13931,4080.449,previous_swing_low,True,0.36599999999998545,False,confirmed_swing_high,-1.0,-1.0
40,86,bullish,16119,2026-07-22T19:45:00+00:00,4134.904,4131.554,4141.604000000001,3.350000000000364,LOSS,16120,2026-07-22T19:50:00+00:00,4131.554,-1.0,SL,83.03,76,85.39,normal_reversal_inside_ob,93.9364062115061,retracement_swing,16114,4131.554,0.0,0.0,16096,4143.842,previous_swing_high,True,8.937999999999192,True,confirmed_swing_low,-1.0,-1.0
41,85,bearish,16213,2026-07-23T04:35:00+00:00,4125.857,4133.293,4110.985000000001,7.435999999999694,WIN,16243,2026-07-23T07:05:00+00:00,4110.985000000001,2.0,TP,86.23,179,76.76,crossed_ob_reentry_70pct,81.44329896906997,retracement_swing,16198,4133.293,4.98700000000008,1.6584635849686504,16037,4106.217,previous_swing_low,True,19.640000000000327,True,confirmed_swing_high,2.0,2.0
42,62,bearish,16268,2026-07-23T09:10:00+00:00,4095.009,4100.007,4085.013000000001,4.9979999999995925,WIN,16293,2026-07-23T11:15:00+00:00,4085.013000000001,2.0,TP,100.0,5847,71.37,crossed_ob_reentry_70pct,86.39395286794105,previous_ob_swing_high,10419,4100.007,1.1119999999991705,0.24722098710516818,10423,4068.184,previous_swing_low,True,26.824999999999818,True,confirmed_swing_high,2.0,2.0
43,92,bearish,16953,2026-07-27T20:15:00+00:00,4080.806,4089.333,4063.752,8.527000000000044,WIN,16987,2026-07-28T00:05:00+00:00,4063.752,2.0,TP,89.08,40,76.87,crossed_ob_reentry_70pct,98.81889763778501,retracement_swing,16948,4089.333,6.769999999999982,3.8076490438689765,16934,4072.718,previous_swing_low,True,8.088000000000193,False,confirmed_swing_high,2.0,2.0
44,95,bearish,17198,2026-07-28T17:40:00+00:00,4028.359,4041.639,4001.7989999999995,13.2800000000002,LOSS,17338,2026-07-29T06:20:00+00:00,4041.639,-1.0,SL,77.95,50,82.73,crossed_ob_reentry_70pct,79.18521054433629,retracement_swing,17194,4041.639,8.653999999999996,1.4813420061622478,17141,4028.25,previous_swing_low,True,0.1089999999999236,False,confirmed_swing_high,-1.0,-1.0
45,98,bearish,17546,2026-07-30T00:40:00+00:00,4066.272,4100.332,3998.151999999999,34.0600000000004,LOSS,17703,2026-07-30T13:45:00+00:00,4100.332,-1.0,SL,85.22,47,72.88,crossed_ob_reentry_70pct,94.04683377308896,retracement_swing,17527,4100.332,28.357000000000426,4.676286279683563,17506,4043.716,previous_swing_low,True,22.55600000000004,False,confirmed_swing_high,-1.0,-1.0
