id,idx,time,direction,low,high,fvg_idx,sweep_idx,break_idx,status,first_touch_idx,first_touch_time,first_retest_idx,first_retest_time,quality,quality_components,crossed,cross_idx,reversal_idx,reentry_depth_percent,invalid_reason
1,179,2026-05-01T14:55:00+00:00,bearish,4629.992,4635.324,181,171,180,EXPIRED,182.0,2026-05-01T15:10:00+00:00,,,62.91,"{'body': 14.61, 'fvg': 6.25, 'sweep': 15.86, 'break': 1.2, 'ob_size': 15.0, 'adjacency': 10}",True,207.0,,,ob_age_exceeded
2,228,2026-05-01T19:00:00+00:00,bullish,4620.557,4625.014,231,219,230,EXPIRED,233.0,2026-05-01T19:25:00+00:00,,,83.11,"{'body': 16.26, 'fvg': 16.34, 'sweep': 25.0, 'break': 0.63, 'ob_size': 14.88, 'adjacency': 10}",True,328.0,,,ob_age_exceeded
3,595,2026-05-05T03:35:00+00:00,bearish,4537.306,4539.26,597,585,596,EXPIRED,613.0,2026-05-05T05:05:00+00:00,,,70.04,"{'body': 17.79, 'fvg': 1.2, 'sweep': 24.4, 'break': 1.65, 'ob_size': 15.0, 'adjacency': 10}",True,695.0,,,ob_age_exceeded
4,795,2026-05-05T20:15:00+00:00,bullish,4555.909,4557.79,798,789,797,EXPIRED,798.0,2026-05-05T20:30:00+00:00,,,68.58,"{'body': 17.47, 'fvg': 7.19, 'sweep': 17.28, 'break': 1.64, 'ob_size': 15.0, 'adjacency': 10}",True,813.0,,,ob_age_exceeded
5,813,2026-05-05T22:45:00+00:00,bullish,4546.988,4548.651,815,804,814,EXPIRED,,,,,100.0,"{'body': 20.55, 'fvg': 25.73, 'sweep': 22.2, 'break': 15.68, 'ob_size': 15.0, 'adjacency': 10}",False,,,,ob_age_exceeded
6,1168,2026-05-07T05:20:00+00:00,bullish,4694.8,4697.732,1171,1159,1170,EXPIRED,,,,,87.06,"{'body': 14.75, 'fvg': 15.93, 'sweep': 25.0, 'break': 6.38, 'ob_size': 15.0, 'adjacency': 10}",False,,,,ob_age_exceeded
7,1376,2026-05-07T23:40:00+00:00,bullish,4696.771,4699.056,1378,1366,1377,EXPIRED,1383.0,2026-05-08T00:15:00+00:00,,,68.7,"{'body': 14.58, 'fvg': 6.36, 'sweep': 19.64, 'break': 3.12, 'ob_size': 15.0, 'adjacency': 10}",True,1383.0,,,ob_age_exceeded
8,1505,2026-05-08T10:25:00+00:00,bullish,4720.327,4724.068,1508,1498,1507,EXPIRED,1509.0,2026-05-08T10:45:00+00:00,,,78.04,"{'body': 18.82, 'fvg': 5.39, 'sweep': 21.85, 'break': 6.98, 'ob_size': 15.0, 'adjacency': 10}",True,1593.0,,,ob_age_exceeded
9,1669,2026-05-11T01:05:00+00:00,bullish,4689.447,4699.793,1673,1666,1672,EXPIRED,1673.0,2026-05-11T01:25:00+00:00,,,63.57,"{'body': 13.6, 'fvg': 3.95, 'sweep': 23.1, 'break': 4.58, 'ob_size': 8.33, 'adjacency': 10}",True,1769.0,,,ob_age_exceeded
10,2068,2026-05-12T11:20:00+00:00,bullish,4692.883,4697.598,2070,2058,2069,EXPIRED,2080.0,2026-05-12T12:20:00+00:00,,,67.32,"{'body': 17.91, 'fvg': 0.14, 'sweep': 21.04, 'break': 3.23, 'ob_size': 15.0, 'adjacency': 10}",True,2157.0,,,ob_age_exceeded
11,2070,2026-05-12T11:30:00+00:00,bullish,4697.634,4702.121,2072,2060,2071,EXPIRED,2077.0,2026-05-12T12:05:00+00:00,,,65.91,"{'body': 19.64, 'fvg': 1.94, 'sweep': 15.62, 'break': 3.72, 'ob_size': 15.0, 'adjacency': 10}",True,2160.0,,,ob_age_exceeded
12,2078,2026-05-12T12:10:00+00:00,bearish,4699.691,4706.104,2081,2075,2080,EXPIRED,2082.0,2026-05-12T12:30:00+00:00,,,72.84,"{'body': 14.92, 'fvg': 9.31, 'sweep': 23.75, 'break': 1.74, 'ob_size': 13.12, 'adjacency': 10}",True,2178.0,,,ob_age_exceeded
13,2328,2026-05-13T10:00:00+00:00,bullish,4698.558,4701.551,2330,2318,2329,EXPIRED,2331.0,2026-05-13T10:15:00+00:00,,,77.92,"{'body': 17.98, 'fvg': 0.28, 'sweep': 16.85, 'break': 17.81, 'ob_size': 15.0, 'adjacency': 10}",True,2428.0,,,ob_age_exceeded
14,2642,2026-05-14T13:10:00+00:00,bearish,4700.949,4704.617,2644,2634,2643,EXPIRED,2656.0,2026-05-14T14:20:00+00:00,,,75.44,"{'body': 17.75, 'fvg': 13.03, 'sweep': 15.8, 'break': 3.86, 'ob_size': 15.0, 'adjacency': 10}",False,,,,ob_age_exceeded
15,2644,2026-05-14T13:20:00+00:00,bearish,4689.94,4695.334,2646,2635,2645,EXPIRED,2649.0,2026-05-14T13:45:00+00:00,,,67.59,"{'body': 16.07, 'fvg': 1.13, 'sweep': 22.84, 'break': 2.55, 'ob_size': 15.0, 'adjacency': 10}",False,,,,ob_age_exceeded
16,2753,2026-05-14T23:25:00+00:00,bearish,4657.824,4664.288,2755,2744,2754,EXPIRED,2763.0,2026-05-15T00:15:00+00:00,,,70.3,"{'body': 18.11, 'fvg': 8.92, 'sweep': 13.47, 'break': 15.31, 'ob_size': 4.5, 'adjacency': 10}",False,,,,ob_age_exceeded
17,2855,2026-05-15T07:55:00+00:00,bearish,4568.765,4572.73,2857,2847,2856,EXPIRED,2890.0,2026-05-15T10:50:00+00:00,,,72.47,"{'body': 13.97, 'fvg': 1.86, 'sweep': 19.13, 'break': 12.5, 'ob_size': 15.0, 'adjacency': 10}",False,,,,ob_age_exceeded
18,2857,2026-05-15T08:05:00+00:00,bearish,4559.612,4567.836,2860,2848,2859,EXPIRED,2860.0,2026-05-15T08:20:00+00:00,,,66.47,"{'body': 14.9, 'fvg': 6.15, 'sweep': 22.79, 'break': 0.31, 'ob_size': 12.32, 'adjacency': 10}",True,2890.0,2897.0,30.398832684824313,ob_age_exceeded
19,3009,2026-05-15T20:45:00+00:00,bullish,4537.793,4541.502,3013,3003,3012,EXPIRED,3016.0,2026-05-17T22:20:00+00:00,,,93.84,"{'body': 20.69, 'fvg': 23.34, 'sweep': 21.72, 'break': 3.1, 'ob_size': 15.0, 'adjacency': 10}",True,3108.0,,,ob_age_exceeded
20,3209,2026-05-18T14:25:00+00:00,bearish,4557.613,4563.077,3211,3203,3210,EXPIRED,3241.0,2026-05-18T17:05:00+00:00,,,72.95,"{'body': 14.45, 'fvg': 11.06, 'sweep': 16.07, 'break': 6.37, 'ob_size': 15.0, 'adjacency': 10}",True,3309.0,,,ob_age_exceeded
21,3321,2026-05-19T00:45:00+00:00,bearish,4569.795,4572.605,3323,3312,3322,EXPIRED,3332.0,2026-05-19T01:40:00+00:00,,,80.09,"{'body': 20.34, 'fvg': 14.12, 'sweep': 16.67, 'break': 3.95, 'ob_size': 15.0, 'adjacency': 10}",False,,,,ob_age_exceeded
22,3440,2026-05-19T10:40:00+00:00,bullish,4525.461,4541.252,3444,3433,3443,EXPIRED,3445.0,2026-05-19T11:05:00+00:00,,,74.2,"{'body': 22.06, 'fvg': 22.33, 'sweep': 15.7, 'break': 4.11, 'ob_size': 0, 'adjacency': 10}",True,3540.0,3448.0,2.235450573111657,ob_age_exceeded
23,3452,2026-05-19T11:40:00+00:00,bearish,4537.079,4543.183,3455,3444,3454,EXPIRED,3457.0,2026-05-19T12:05:00+00:00,,,76.46,"{'body': 18.24, 'fvg': 10.82, 'sweep': 23.61, 'break': 1.71, 'ob_size': 12.08, 'adjacency': 10}",True,3462.0,3467.0,1.654652686772003,ob_age_exceeded
24,3603,2026-05-20T01:15:00+00:00,bearish,4491.645,4496.228,3605,3597,3604,EXPIRED,,,,,84.7,"{'body': 17.87, 'fvg': 12.85, 'sweep': 24.38, 'break': 4.61, 'ob_size': 15.0, 'adjacency': 10}",False,,,,ob_age_exceeded
25,3757,2026-05-20T14:05:00+00:00,bullish,4474.79,4481.677,3760,3750,3759,EXPIRED,,,,,87.59,"{'body': 17.55, 'fvg': 16.41, 'sweep': 24.68, 'break': 6.16, 'ob_size': 12.78, 'adjacency': 10}",False,,,,ob_age_exceeded
26,3764,2026-05-20T14:40:00+00:00,bullish,4517.196,4524.074,3767,3755,3766,EXPIRED,3769.0,2026-05-20T15:05:00+00:00,,,78.89,"{'body': 18.87, 'fvg': 14.97, 'sweep': 19.36, 'break': 0.69, 'ob_size': 15.0, 'adjacency': 10}",False,,,,ob_age_exceeded
27,3839,2026-05-20T20:55:00+00:00,bearish,4542.623,4544.005,3842,3830,3841,EXPIRED,3846.0,2026-05-20T22:30:00+00:00,,,66.75,"{'body': 13.65, 'fvg': 2.7, 'sweep': 15.41, 'break': 10.0, 'ob_size': 15.0, 'adjacency': 10}",True,3892.0,,,ob_age_exceeded
28,3923,2026-05-21T04:55:00+00:00,bearish,4536.055,4539.197,3926,3918,3925,EXPIRED,3940.0,2026-05-21T06:20:00+00:00,,,83.96,"{'body': 20.0, 'fvg': 13.87, 'sweep': 18.38, 'break': 6.72, 'ob_size': 15.0, 'adjacency': 10}",True,3975.0,3977.0,30.96753660089148,ob_age_exceeded
29,3935,2026-05-21T05:55:00+00:00,bullish,4525.617,4529.889,3937,3930,3936,EXPIRED,3938.0,2026-05-21T06:10:00+00:00,,,66.8,"{'body': 13.58, 'fvg': 3.99, 'sweep': 25.0, 'break': 0.66, 'ob_size': 13.57, 'adjacency': 10}",True,4035.0,,,ob_age_exceeded
30,3988,2026-05-21T10:20:00+00:00,bearish,4532.063,4534.434,3990,3978,3989,EXPIRED,4071.0,2026-05-21T17:15:00+00:00,,,98.83,"{'body': 14.66, 'fvg': 16.97, 'sweep': 17.64, 'break': 24.56, 'ob_size': 15.0, 'adjacency': 10}",True,4088.0,,,ob_age_exceeded
31,4088,2026-05-21T18:40:00+00:00,bearish,4542.865,4547.028,4090,4079,4089,EXPIRED,4100.0,2026-05-21T19:40:00+00:00,,,71.72,"{'body': 13.84, 'fvg': 3.57, 'sweep': 22.43, 'break': 6.89, 'ob_size': 15.0, 'adjacency': 10}",False,,,,ob_age_exceeded
32,4466,2026-05-25T04:10:00+00:00,bullish,4560.13,4562.657,4469,4461,4468,EXPIRED,4470.0,2026-05-25T04:30:00+00:00,,,81.72,"{'body': 18.33, 'fvg': 15.22, 'sweep': 22.92, 'break': 0.24, 'ob_size': 15.0, 'adjacency': 10}",True,4564.0,4565.0,91.7688959240354,ob_age_exceeded
33,4660,2026-05-25T23:50:00+00:00,bearish,4558.5,4562.981,4663,4651,4662,EXPIRED,,,,,86.09,"{'body': 17.84, 'fvg': 18.57, 'sweep': 15.33, 'break': 12.28, 'ob_size': 12.06, 'adjacency': 10}",False,,,,ob_age_exceeded
34,4713,2026-05-26T04:15:00+00:00,bearish,4536.321,4539.501,4715,4705,4714,EXPIRED,4757.0,2026-05-26T07:55:00+00:00,,,70.61,"{'body': 15.53, 'fvg': 5.67, 'sweep': 23.77, 'break': 2.06, 'ob_size': 13.58, 'adjacency': 10}",False,,,,ob_age_exceeded
35,4724,2026-05-26T05:10:00+00:00,bullish,4528.907,4531.263,4729,4718,4728,RETESTED,4730.0,2026-05-26T05:40:00+00:00,4784.0,2026-05-26T10:10:00+00:00,70.19,"{'body': 13.68, 'fvg': 8.73, 'sweep': 16.33, 'break': 6.45, 'ob_size': 15.0, 'adjacency': 10}",True,4783.0,4784.0,87.77589134127399,
36,4756,2026-05-26T07:50:00+00:00,bullish,4531.406,4535.169,4758,4749,4757,EXPIRED,4759.0,2026-05-26T08:05:00+00:00,,,75.01,"{'body': 19.38, 'fvg': 0.02, 'sweep': 24.35, 'break': 6.27, 'ob_size': 15.0, 'adjacency': 10}",True,4856.0,4787.0,51.102843475945136,ob_age_exceeded
37,4826,2026-05-26T13:40:00+00:00,bearish,4524.141,4531.294,4829,4822,4828,EXPIRED,4837.0,2026-05-26T14:35:00+00:00,,,73.31,"{'body': 17.1, 'fvg': 16.7, 'sweep': 14.74, 'break': 0.84, 'ob_size': 13.93, 'adjacency': 10}",False,,,,ob_age_exceeded
38,5035,2026-05-27T08:05:00+00:00,bullish,4484.812,4487.503,5038,5032,5037,EXPIRED,5040.0,2026-05-27T08:30:00+00:00,,,68.49,"{'body': 15.55, 'fvg': 3.69, 'sweep': 22.98, 'break': 1.27, 'ob_size': 15.0, 'adjacency': 10}",True,5135.0,,,ob_age_exceeded
39,5084,2026-05-27T12:10:00+00:00,bullish,4428.724,4433.589,5086,5074,5085,EXPIRED,5094.0,2026-05-27T13:00:00+00:00,,,73.98,"{'body': 14.28, 'fvg': 9.63, 'sweep': 23.46, 'break': 1.61, 'ob_size': 15.0, 'adjacency': 10}",True,5105.0,,,ob_age_exceeded
40,5339,2026-05-28T10:25:00+00:00,bearish,4395.481,4402.299,5343,5336,5342,EXPIRED,5365.0,2026-05-28T12:35:00+00:00,,,90.0,"{'body': 18.42, 'fvg': 22.66, 'sweep': 23.8, 'break': 5.02, 'ob_size': 10.1, 'adjacency': 10}",True,5439.0,,,ob_age_exceeded
41,5604,2026-05-29T09:30:00+00:00,bullish,4524.805,4530.785,5607,5596,5606,EXPIRED,5609.0,2026-05-29T09:55:00+00:00,,,70.3,"{'body': 16.36, 'fvg': 9.33, 'sweep': 21.16, 'break': 0.12, 'ob_size': 13.33, 'adjacency': 10}",True,5649.0,5651.0,43.695652173920976,ob_age_exceeded
42,6481,2026-06-03T13:35:00+00:00,bearish,4446.287,4451.453,6483,6472,6482,EXPIRED,6484.0,2026-06-03T13:50:00+00:00,,,100.0,"{'body': 20.66, 'fvg': 10.81, 'sweep': 15.42, 'break': 29.35, 'ob_size': 15.0, 'adjacency': 10}",True,6498.0,6555.0,8.691444057289969,ob_age_exceeded
43,7084,2026-06-05T17:50:00+00:00,bearish,4338.633,4343.679,7087,7082,7086,EXPIRED,7142.0,2026-06-07T23:40:00+00:00,,,90.17,"{'body': 20.87, 'fvg': 23.09, 'sweep': 17.66, 'break': 3.55, 'ob_size': 15.0, 'adjacency': 10}",True,7154.0,7158.0,15.913594926671415,ob_age_exceeded
44,7323,2026-06-08T14:45:00+00:00,bullish,4317.211,4328.932,7326,7316,7325,EXPIRED,7326.0,2026-06-08T15:00:00+00:00,,,65.46,"{'body': 14.16, 'fvg': 7.58, 'sweep': 21.06, 'break': 2.12, 'ob_size': 10.54, 'adjacency': 10}",True,7420.0,,,ob_age_exceeded
45,7471,2026-06-09T04:05:00+00:00,bearish,4334.974,4338.042,7473,7461,7472,EXPIRED,7482.0,2026-06-09T05:00:00+00:00,,,72.28,"{'body': 14.68, 'fvg': 8.51, 'sweep': 21.85, 'break': 2.24, 'ob_size': 15.0, 'adjacency': 10}",True,7570.0,,,ob_age_exceeded
46,7498,2026-06-09T06:20:00+00:00,bearish,4340.891,4345.975,7500,7489,7499,EXPIRED,7563.0,2026-06-09T11:45:00+00:00,,,59.78,"{'body': 17.28, 'fvg': 6.22, 'sweep': 11.53, 'break': 1.27, 'ob_size': 13.5, 'adjacency': 10}",True,7587.0,,,ob_age_exceeded
47,7579,2026-06-09T13:05:00+00:00,bearish,4338.576,4344.184,7582,7575,7581,EXPIRED,7587.0,2026-06-09T13:45:00+00:00,,,72.73,"{'body': 18.57, 'fvg': 13.9, 'sweep': 16.79, 'break': 1.74, 'ob_size': 11.72, 'adjacency': 10}",True,7587.0,,,ob_age_exceeded
48,7586,2026-06-09T13:40:00+00:00,bullish,4325.205,4332.15,7588,7584,7587,EXPIRED,7589.0,2026-06-09T13:55:00+00:00,,,70.79,"{'body': 14.34, 'fvg': 1.21, 'sweep': 20.06, 'break': 13.43, 'ob_size': 11.75, 'adjacency': 10}",True,7686.0,,,ob_age_exceeded
49,8001,2026-06-11T02:15:00+00:00,bearish,4087.612,4095.85,8004,7994,8003,RETESTED,8040.0,2026-06-11T05:30:00+00:00,8076.0,2026-06-11T08:30:00+00:00,83.93,"{'body': 18.55, 'fvg': 12.49, 'sweep': 21.95, 'break': 5.94, 'ob_size': 15.0, 'adjacency': 10}",True,8075.0,8076.0,96.45545035202814,
50,8343,2026-06-12T07:45:00+00:00,bullish,4174.373,4183.423,8346,8340,8345,EXPIRED,8414.0,2026-06-12T13:40:00+00:00,,,100.0,"{'body': 21.88, 'fvg': 21.55, 'sweep': 19.74, 'break': 17.56, 'ob_size': 9.61, 'adjacency': 10}",False,,,,ob_age_exceeded
51,8427,2026-06-12T14:45:00+00:00,bullish,4176.959,4184.935,8429,8422,8428,EXPIRED,,,,,85.73,"{'body': 18.99, 'fvg': 17.12, 'sweep': 15.58, 'break': 9.04, 'ob_size': 15.0, 'adjacency': 10}",False,,,,ob_age_exceeded
52,8598,2026-06-15T06:00:00+00:00,bearish,4309.47,4312.711,8600,8588,8599,EXPIRED,8601.0,2026-06-15T06:15:00+00:00,,,71.01,"{'body': 14.75, 'fvg': 1.82, 'sweep': 24.36, 'break': 5.09, 'ob_size': 15.0, 'adjacency': 10}",True,8698.0,,,ob_age_exceeded
53,9038,2026-06-16T19:40:00+00:00,bearish,4337.025,4339.21,9041,9031,9040,EXPIRED,9068.0,2026-06-16T23:10:00+00:00,,,80.12,"{'body': 13.68, 'fvg': 13.78, 'sweep': 16.7, 'break': 10.96, 'ob_size': 15.0, 'adjacency': 10}",True,9108.0,9099.0,3.295194508013878,ob_age_exceeded
54,9152,2026-06-17T06:10:00+00:00,bearish,4326.655,4329.901,9154,9147,9153,EXPIRED,9155.0,2026-06-17T06:25:00+00:00,,,68.24,"{'body': 20.08, 'fvg': 5.16, 'sweep': 16.1, 'break': 1.9, 'ob_size': 15.0, 'adjacency': 10}",True,9252.0,9235.0,23.38262476894616,ob_age_exceeded
55,9416,2026-06-18T05:10:00+00:00,bullish,4314.736,4318.441,9418,9411,9417,EXPIRED,9421.0,2026-06-18T05:35:00+00:00,,,65.05,"{'body': 15.6, 'fvg': 1.82, 'sweep': 15.81, 'break': 6.81, 'ob_size': 15.0, 'adjacency': 10}",True,9516.0,,,ob_age_exceeded
56,9796,2026-06-19T13:50:00+00:00,bearish,4155.677,4159.627,9798,9786,9797,EXPIRED,9831.0,2026-06-19T16:45:00+00:00,,,67.3,"{'body': 15.43, 'fvg': 3.01, 'sweep': 18.47, 'break': 5.39, 'ob_size': 15.0, 'adjacency': 10}",True,9896.0,,,ob_age_exceeded
57,9850,2026-06-21T23:20:00+00:00,bearish,4153.884,4159.107,9853,9846,9852,EXPIRED,9860.0,2026-06-22T00:10:00+00:00,,,82.12,"{'body': 19.28, 'fvg': 19.15, 'sweep': 14.02, 'break': 5.68, 'ob_size': 13.99, 'adjacency': 10}",True,9950.0,,,ob_age_exceeded
58,9854,2026-06-21T23:40:00+00:00,bearish,4141.775,4146.142,9856,9848,9855,EXPIRED,9857.0,2026-06-21T23:55:00+00:00,,,81.1,"{'body': 17.66, 'fvg': 4.14, 'sweep': 24.65, 'break': 9.64, 'ob_size': 15.0, 'adjacency': 10}",True,9954.0,,,ob_age_exceeded
59,10093,2026-06-22T19:35:00+00:00,bearish,4186.75,4190.346,10095,10086,10094,EXPIRED,10096.0,2026-06-22T19:50:00+00:00,,,73.78,"{'body': 20.57, 'fvg': 5.18, 'sweep': 22.19, 'break': 5.24, 'ob_size': 10.6, 'adjacency': 10}",True,10145.0,,,ob_age_exceeded
60,10134,2026-06-23T00:00:00+00:00,bearish,4186.5,4192.244,10136,10130,10135,EXPIRED,10142.0,2026-06-23T00:40:00+00:00,,,69.7,"{'body': 17.8, 'fvg': 10.18, 'sweep': 21.52, 'break': 9.37, 'ob_size': 0.84, 'adjacency': 10}",True,10145.0,,,ob_age_exceeded
61,10151,2026-06-23T01:25:00+00:00,bearish,4176.619,4180.951,10153,10146,10152,EXPIRED,,,,,89.64,"{'body': 19.03, 'fvg': 17.31, 'sweep': 25.0, 'break': 3.31, 'ob_size': 15.0, 'adjacency': 10}",False,,,,ob_age_exceeded
62,10421,2026-06-24T00:55:00+00:00,bearish,4094.397,4098.895,10423,10411,10422,EXPIRED,10427.0,2026-06-24T01:25:00+00:00,,,100.0,"{'body': 18.07, 'fvg': 11.85, 'sweep': 14.47, 'break': 34.44, 'ob_size': 15.0, 'adjacency': 10}",False,,10429.0,12.939084037345818,ob_age_exceeded
63,10679,2026-06-24T23:25:00+00:00,bullish,3996.826,4000.646,10681,10675,10680,EXPIRED,10689.0,2026-06-25T00:15:00+00:00,,,100.0,"{'body': 22.07, 'fvg': 20.54, 'sweep': 21.43, 'break': 11.59, 'ob_size': 15.0, 'adjacency': 10}",True,10779.0,10696.0,29.76439790576236,ob_age_exceeded
64,11007,2026-06-26T03:45:00+00:00,bullish,3997.298,4000.356,11009,10997,11008,EXPIRED,11011.0,2026-06-26T04:05:00+00:00,,,74.41,"{'body': 18.61, 'fvg': 7.73, 'sweep': 21.99, 'break': 1.08, 'ob_size': 15.0, 'adjacency': 10}",False,,,,ob_age_exceeded
65,11198,2026-06-26T19:40:00+00:00,bullish,4068.08,4070.413,11201,11191,11200,EXPIRED,11203.0,2026-06-26T20:05:00+00:00,,,81.07,"{'body': 17.6, 'fvg': 8.49, 'sweep': 21.54, 'break': 8.44, 'ob_size': 15.0, 'adjacency': 10}",True,11298.0,11249.0,34.07629661380387,ob_age_exceeded
66,11433,2026-06-29T16:15:00+00:00,bearish,4021.945,4025.92,11437,11429,11436,EXPIRED,11438.0,2026-06-29T16:40:00+00:00,,,69.61,"{'body': 16.2, 'fvg': 8.52, 'sweep': 16.05, 'break': 3.83, 'ob_size': 15.0, 'adjacency': 10}",True,11446.0,11458.0,56.60377358490696,ob_age_exceeded
67,11511,2026-06-29T23:45:00+00:00,bearish,4013.536,4016.962,11515,11505,11514,EXPIRED,11516.0,2026-06-30T00:10:00+00:00,,,96.88,"{'body': 18.09, 'fvg': 20.12, 'sweep': 19.43, 'break': 14.76, 'ob_size': 14.48, 'adjacency': 10}",True,11611.0,,,ob_age_exceeded
68,11615,2026-06-30T08:25:00+00:00,bearish,4020.741,4026.299,11618,11611,11617,EXPIRED,11623.0,2026-06-30T09:05:00+00:00,,,85.82,"{'body': 18.36, 'fvg': 21.42, 'sweep': 19.56, 'break': 1.68, 'ob_size': 14.8, 'adjacency': 10}",True,11715.0,11679.0,53.11263044260938,ob_age_exceeded
69,12041,2026-07-01T20:55:00+00:00,bullish,4030.192,4032.875,12043,12031,12042,EXPIRED,12066.0,2026-07-02T00:00:00+00:00,,,71.34,"{'body': 17.16, 'fvg': 10.76, 'sweep': 17.75, 'break': 0.67, 'ob_size': 15.0, 'adjacency': 10}",False,,,,ob_age_exceeded
70,12487,2026-07-03T12:05:00+00:00,bearish,4178.46,4183.398,12489,12477,12488,RETESTED,12498.0,2026-07-03T13:00:00+00:00,12568.0,2026-07-05T23:50:00+00:00,63.28,"{'body': 20.7, 'fvg': 1.09, 'sweep': 22.31, 'break': 0.62, 'ob_size': 8.57, 'adjacency': 10}",True,12566.0,12567.0,67.11219117051918,
71,12714,2026-07-06T12:00:00+00:00,bearish,4153.885,4158.535,12719,12707,12718,EXPIRED,12772.0,2026-07-06T16:50:00+00:00,,,89.94,"{'body': 17.15, 'fvg': 13.64, 'sweep': 23.97, 'break': 13.87, 'ob_size': 11.32, 'adjacency': 10}",True,12814.0,,,ob_age_exceeded
72,13434,2026-07-09T03:00:00+00:00,bearish,4064.341,4067.525,13436,13427,13435,EXPIRED,13446.0,2026-07-09T04:00:00+00:00,,,83.51,"{'body': 16.55, 'fvg': 12.65, 'sweep': 21.63, 'break': 7.68, 'ob_size': 15.0, 'adjacency': 10}",True,13534.0,,,ob_age_exceeded
73,13610,2026-07-09T17:40:00+00:00,bullish,4131.552,4133.949,13612,13604,13611,EXPIRED,13614.0,2026-07-09T18:00:00+00:00,,,63.87,"{'body': 13.44, 'fvg': 4.33, 'sweep': 15.81, 'break': 5.29, 'ob_size': 15.0, 'adjacency': 10}",True,13710.0,,,ob_age_exceeded
74,13931,2026-07-12T22:25:00+00:00,bearish,4080.449,4085.554,13935,13925,13934,EXPIRED,13936.0,2026-07-12T22:50:00+00:00,,,69.88,"{'body': 17.95, 'fvg': 5.4, 'sweep': 22.1, 'break': 6.2, 'ob_size': 8.23, 'adjacency': 10}",True,13971.0,13970.0,79.29480901076906,ob_age_exceeded
75,14732,2026-07-15T19:10:00+00:00,bearish,4059.059,4062.648,14734,14724,14733,EXPIRED,14745.0,2026-07-15T20:15:00+00:00,,,78.66,"{'body': 17.03, 'fvg': 12.85, 'sweep': 23.06, 'break': 0.72, 'ob_size': 15.0, 'adjacency': 10}",True,14757.0,,,ob_age_exceeded
76,14818,2026-07-16T03:20:00+00:00,bullish,4027.581,4030.776,14820,14810,14819,EXPIRED,14839.0,2026-07-16T05:05:00+00:00,,,79.85,"{'body': 19.64, 'fvg': 9.1, 'sweep': 24.33, 'break': 1.77, 'ob_size': 15.0, 'adjacency': 10}",True,14915.0,14917.0,1.2832550860631091,ob_age_exceeded
77,15072,2026-07-17T01:30:00+00:00,bearish,3988.655,3993.03,15076,15066,15075,EXPIRED,15090.0,2026-07-17T03:00:00+00:00,,,79.58,"{'body': 18.13, 'fvg': 16.37, 'sweep': 16.53, 'break': 3.89, 'ob_size': 14.67, 'adjacency': 10}",True,15172.0,15102.0,22.674285714279645,ob_age_exceeded
78,15127,2026-07-17T06:05:00+00:00,bullish,3988.088,3993.048,15129,15118,15128,EXPIRED,15149.0,2026-07-17T07:55:00+00:00,,,89.7,"{'body': 19.84, 'fvg': 11.77, 'sweep': 19.95, 'break': 13.97, 'ob_size': 14.17, 'adjacency': 10}",True,15218.0,15201.0,29.657258064509534,ob_age_exceeded
79,15216,2026-07-17T13:30:00+00:00,bullish,3963.558,3972.314,15218,15207,15217,EXPIRED,,,,,87.9,"{'body': 16.23, 'fvg': 7.74, 'sweep': 13.18, 'break': 29.49, 'ob_size': 11.25, 'adjacency': 10}",False,,,,ob_age_exceeded
80,15419,2026-07-20T07:25:00+00:00,bullish,4003.273,4008.365,15421,15414,15420,EXPIRED,15478.0,2026-07-20T12:20:00+00:00,,,94.51,"{'body': 19.71, 'fvg': 18.62, 'sweep': 23.36, 'break': 12.55, 'ob_size': 10.26, 'adjacency': 10}",True,15502.0,15503.0,32.050274941078584,ob_age_exceeded
81,15753,2026-07-21T12:15:00+00:00,bullish,4055.537,4060.268,15755,15747,15754,EXPIRED,15756.0,2026-07-21T12:30:00+00:00,,,76.09,"{'body': 16.7, 'fvg': 1.73, 'sweep': 25.0, 'break': 11.67, 'ob_size': 11.0, 'adjacency': 10}",True,15775.0,15774.0,82.37159162967134,ob_age_exceeded
82,15775,2026-07-21T14:05:00+00:00,bullish,4054.534,4059.292,15777,15767,15776,EXPIRED,,,,,78.74,"{'body': 21.29, 'fvg': 4.89, 'sweep': 15.81, 'break': 11.75, 'ob_size': 15.0, 'adjacency': 10}",False,,,,ob_age_exceeded
83,15777,2026-07-21T14:15:00+00:00,bullish,4061.115,4067.668,15780,15768,15779,RETESTED,15780.0,2026-07-21T14:30:00+00:00,15782.0,2026-07-21T14:40:00+00:00,79.98,"{'body': 18.92, 'fvg': 9.27, 'sweep': 25.0, 'break': 2.75, 'ob_size': 14.04, 'adjacency': 10}",False,,15782.0,5.066381809862927,
84,16029,2026-07-22T12:15:00+00:00,bullish,4124.834,4127.819,16031,16022,16030,RETESTED,16032.0,2026-07-22T12:30:00+00:00,16034.0,2026-07-22T12:40:00+00:00,70.06,"{'body': 15.75, 'fvg': 3.72, 'sweep': 20.6, 'break': 5.0, 'ob_size': 15.0, 'adjacency': 10}",False,,16034.0,19.16247906197671,
85,16034,2026-07-22T12:40:00+00:00,bearish,4125.299,4128.306,16036,16027,16035,EXPIRED,16040.0,2026-07-22T13:10:00+00:00,,,86.23,"{'body': 21.15, 'fvg': 18.64, 'sweep': 19.73, 'break': 1.71, 'ob_size': 15.0, 'adjacency': 10}",True,16133.0,,,ob_age_exceeded
86,16043,2026-07-22T13:25:00+00:00,bullish,4131.093,4135.15,16045,16037,16044,EXPIRED,16102.0,2026-07-22T18:20:00+00:00,,,83.03,"{'body': 14.94, 'fvg': 6.7, 'sweep': 20.36, 'break': 16.03, 'ob_size': 15.0, 'adjacency': 10}",True,16143.0,16124.0,19.620409169322368,ob_age_exceeded
87,16077,2026-07-22T16:15:00+00:00,bearish,4151.017,4155.444,16080,16072,16079,EXPIRED,16082.0,2026-07-22T16:40:00+00:00,,,74.81,"{'body': 14.91, 'fvg': 8.52, 'sweep': 23.09, 'break': 4.39, 'ob_size': 13.91, 'adjacency': 10}",False,,,,ob_age_exceeded
88,16286,2026-07-23T10:40:00+00:00,bullish,4087.454,4089.97,16288,16282,16287,EXPIRED,16291.0,2026-07-23T11:05:00+00:00,,,69.72,"{'body': 14.67, 'fvg': 8.07, 'sweep': 21.71, 'break': 0.28, 'ob_size': 15.0, 'adjacency': 10}",True,16386.0,,,ob_age_exceeded
89,16368,2026-07-23T17:30:00+00:00,bearish,4046.778,4049.266,16370,16362,16369,EXPIRED,16380.0,2026-07-23T18:30:00+00:00,,,81.84,"{'body': 17.94, 'fvg': 10.39, 'sweep': 23.92, 'break': 4.59, 'ob_size': 15.0, 'adjacency': 10}",True,16454.0,16419.0,82.83762057877469,ob_age_exceeded
90,16803,2026-07-27T07:45:00+00:00,bearish,4096.611,4099.087,16805,16794,16804,EXPIRED,16817.0,2026-07-27T08:55:00+00:00,,,76.25,"{'body': 15.53, 'fvg': 10.39, 'sweep': 20.95, 'break': 4.39, 'ob_size': 15.0, 'adjacency': 10}",True,16846.0,,,ob_age_exceeded
91,16842,2026-07-27T11:00:00+00:00,bullish,4097.085,4101.063,16844,16832,16843,EXPIRED,16845.0,2026-07-27T11:15:00+00:00,,,63.65,"{'body': 17.1, 'fvg': 2.77, 'sweep': 19.45, 'break': 0.8, 'ob_size': 13.54, 'adjacency': 10}",True,16942.0,,,ob_age_exceeded
92,16913,2026-07-27T16:55:00+00:00,bearish,4080.785,4082.563,16915,16909,16914,EXPIRED,16940.0,2026-07-27T19:10:00+00:00,,,89.08,"{'body': 18.33, 'fvg': 14.56, 'sweep': 21.72, 'break': 9.48, 'ob_size': 15.0, 'adjacency': 10}",True,16949.0,16953.0,1.1811023622149952,ob_age_exceeded
93,16951,2026-07-27T20:05:00+00:00,bearish,4081.482,4082.58,16954,16948,16953,EXPIRED,16962.0,2026-07-27T22:00:00+00:00,,,70.47,"{'body': 15.03, 'fvg': 10.56, 'sweep': 17.19, 'break': 2.7, 'ob_size': 15.0, 'adjacency': 10}",False,,,,ob_age_exceeded
94,17120,2026-07-28T11:10:00+00:00,bullish,4023.24,4027.984,17122,17110,17121,EXPIRED,17123.0,2026-07-28T11:25:00+00:00,,,69.58,"{'body': 18.15, 'fvg': 1.98, 'sweep': 20.88, 'break': 4.62, 'ob_size': 13.95, 'adjacency': 10}",True,17219.0,17167.0,0.44266441820679087,ob_age_exceeded
95,17148,2026-07-28T13:30:00+00:00,bearish,4027.143,4032.985,17150,17139,17149,RETESTED,17152.0,2026-07-28T13:50:00+00:00,17197.0,2026-07-28T17:35:00+00:00,77.95,"{'body': 18.16, 'fvg': 4.89, 'sweep': 20.91, 'break': 10.87, 'ob_size': 13.12, 'adjacency': 10}",True,17196.0,17197.0,76.03560424512038,
96,17219,2026-07-28T19:25:00+00:00,bullish,4021.779,4023.764,17221,17209,17220,EXPIRED,17226.0,2026-07-28T20:00:00+00:00,,,72.89,"{'body': 17.78, 'fvg': 2.86, 'sweep': 20.44, 'break': 6.82, 'ob_size': 15.0, 'adjacency': 10}",True,17279.0,,,ob_age_exceeded
97,17239,2026-07-28T22:05:00+00:00,bearish,4026.077,4027.295,17241,17233,17240,EXPIRED,17261.0,2026-07-28T23:55:00+00:00,,,73.68,"{'body': 14.59, 'fvg': 6.55, 'sweep': 23.25, 'break': 4.29, 'ob_size': 15.0, 'adjacency': 10}",True,17339.0,17304.0,40.55829228240961,ob_age_exceeded
98,17499,2026-07-29T19:45:00+00:00,bearish,4065.911,4071.975,17501,17490,17500,EXPIRED,17510.0,2026-07-29T20:40:00+00:00,,,85.22,"{'body': 21.13, 'fvg': 11.92, 'sweep': 24.55, 'break': 2.61, 'ob_size': 15.0, 'adjacency': 10}",True,17571.0,,,ob_age_exceeded
99,17700,2026-07-30T13:30:00+00:00,bullish,4075.332,4081.911,17702,17694,17701,EXPIRED,,,,,75.15,"{'body': 14.45, 'fvg': 4.05, 'sweep': 20.61, 'break': 11.04, 'ob_size': 15.0, 'adjacency': 10}",False,,,,ob_age_exceeded
100,17795,2026-07-30T22:25:00+00:00,bullish,4106.904,4108.496,17798,17788,17797,CROSSED,17804.0,2026-07-30T23:10:00+00:00,,,82.94,"{'body': 16.88, 'fvg': 12.3, 'sweep': 24.21, 'break': 4.56, 'ob_size': 15.0, 'adjacency': 10}",True,17814.0,17811.0,3.7688442211315087,
